,Neff,block_length,cas,density,density_sigma,dielectric,dielectric_sigma,dielectric_sigma_fixedblock,formula,inefficiency,initial_density_length,initial_traj_length,n_frames,n_trimmed,temperature
0,496.014,18,108-01-0,914.174310564,0.160163057325,15.394734771034441,1.24871239894,0.671696733161,C4H11NO,23.7393,12000,600,589,226,303.2
1,456.697,25,187997-16-6,1126.54043712,0.178761888427,39.555428537807565,3.30975939854,1.5778962323,C4H6O2,16.3566,12000,600,374,4531,293.2
2,371.552,47,187997-16-6,1121.65567545,0.196133879845,37.873186406651485,5.14017145271,2.61297106895,C4H6O2,10.736,4000,200,200,12,298.2
3,568.423,26,187997-16-6,1117.29971436,0.160940467985,34.13005695926211,2.16255595485,1.27277807833,C4H6O2,14.0423,8000,400,400,19,303.2
4,446.938,78,187997-16-6,1107.62744427,0.191923673125,34.314931541002494,2.28778807215,1.56054029475,C4H6O2,17.8973,8000,400,400,2,313.2
5,503.809,5,173201-80-4,915.87150522,0.165104265535,6.147699161579895,0.253603463565,0.22376084769,C4H10O2,15.7996,8000,400,398,41,288.2
6,610.897,43,173201-80-4,904.39036828,0.153883832824,6.025441041979119,0.280657637361,0.252662843039,C4H10O2,12.1739,8000,400,372,564,298.2
7,474.701,2,173201-80-4,892.491681588,0.183125533504,5.682613052784378,0.201035894477,0.214084319399,C4H10O2,16.8527,8000,400,400,1,308.2
8,506.197,82,173201-80-4,881.278976564,0.189515786508,5.577985822137526,0.233817998587,0.184932194036,C4H10O2,17.102,12000,600,433,3344,318.2
9,568.518,8,173201-80-4,869.387409618,0.183292075512,5.348206652558723,0.178512324215,0.135796092008,C4H10O2,14.0734,8000,400,400,0,328.2
10,504.268,9,57-55-6,1028.02424593,0.16708972652,20.505288335220953,1.4966279416,0.544849902736,C3H8O2,19.912,12000,600,502,1960,303.2
11,428.293,20,57-55-6,1023.20338831,0.195208433809,15.496067506662735,0.724652326868,0.513141070213,C3H8O2,37.3529,16000,800,800,3,308.2
12,462.98,81,57-55-6,1018.46648164,0.195931016391,16.61533659416354,0.974874537958,0.368167172768,C3H8O2,43.2006,20000,1000,1000,0,313.2
13,628.172,125,57-55-6,1012.92947689,0.165035778881,15.923444611284388,1.08021865707,0.517321364305,C3H8O2,24.4615,16000,800,769,635,318.2
14,557.544,56,57-55-6,1008.3102296,0.173483615236,18.329144014304543,0.949735978207,0.685355853497,C3H8O2,20.3912,12000,600,569,632,323.2
15,584.157,5,57-55-6,1003.43142008,0.173900690525,17.14372310228306,0.739335249417,0.676659072562,C3H8O2,20.539,12000,600,600,3,328.2
16,464.957,5,28347-88-8,1083.88880699,0.181441452546,1.07105676479601,0.00251684084157,0.00250493457748,C4H8O2,23.3097,12000,600,542,1163,298.2
17,563.944,70,28347-88-8,1072.81121734,0.171226985565,1.0772173023256928,0.0022717827789,0.00232198461653,C4H8O2,28.3645,16000,800,800,5,308.2
18,573.242,5,28347-88-8,1062.00449543,0.172660835396,1.0731339959089152,0.00247085462906,0.00252874987761,C4H8O2,20.9266,12000,600,600,5,318.2
19,359.476,45,107569-51-7,805.602831298,0.193740937423,6.838709671682843,0.906872479476,0.182430547357,C4H10O,22.2435,8000,400,400,5,288.2
20,515.279,58,107569-51-7,801.02405948,0.165790315321,8.362890144043462,0.620423005885,0.120643346709,C4H10O,23.2825,12000,600,600,4,293.2
21,400.823,45,107569-51-7,796.510465987,0.186156728901,8.516961496562281,1.01354984445,0.229153286557,C4H10O,19.9565,8000,400,400,2,298.0
22,483.183,45,107569-51-7,796.325699019,0.169375240232,9.226180581167739,0.985508660596,0.207238900594,C4H10O,16.5486,8000,400,400,5,298.2
23,449.386,25,107569-51-7,791.903941079,0.174424571947,7.943923802903747,0.528551938183,0.201962129656,C4H10O,16.3646,8000,400,368,647,303.2
24,487.663,26,107569-51-7,786.626956947,0.176402352449,8.270680561459937,0.574817663728,0.254929118377,C4H10O,16.3966,8000,400,400,5,308.2
25,465.045,26,107569-51-7,781.999980309,0.185248262909,5.920018909856588,0.59099930702,0.258285829064,C4H10O,16.8694,8000,400,393,156,313.2
26,286.533,47,71-41-0,810.370184668,0.184463855498,5.871566002545668,0.72462590998,0.177836307563,C5H12O,13.9635,4000,200,200,0,288.2
27,422.313,14,71-41-0,805.192313345,0.163196350814,5.891027984422428,0.501157226954,0.104218742361,C5H12O,17.9062,8000,400,379,439,293.2
28,328.282,77,71-41-0,801.150876259,0.184259329683,8.146093931143389,0.74371364667,0.136136735911,C5H12O,23.8972,8000,400,393,156,298.2
29,423.558,16,71-41-0,796.228582791,0.171471191085,7.2655542728943265,0.503955488423,0.133482403951,C5H12O,21.8435,12000,600,463,2749,303.2
30,374.877,40,71-41-0,791.569971717,0.180148767894,5.302350385584735,0.457980959478,0.132596528167,C5H12O,17.7231,8000,400,333,1357,308.2
31,299.26,232,142939-39-7,1005.70740044,0.165181469488,6.537458334938649,0.477937433666,0.167489623869,C6H14O3,26.7359,8000,400,400,0,288.2
32,264.128,11,142939-39-7,995.601719242,0.186458706976,6.344672191079476,0.301464298176,0.154439094009,C6H14O3,58.5247,16000,800,773,543,298.2
33,275.94,8,142939-39-7,984.866219826,0.193128516637,5.805322175874224,0.33098928189,0.212025081236,C6H14O3,28.9954,8000,400,400,0,308.2
34,278.745,76,142939-39-7,974.654100608,0.188143785179,6.041147047932882,0.412629984179,0.243465862214,C6H14O3,14.2353,4000,200,199,33,318.2
35,427.345,45,142939-39-7,963.94650163,0.161243598339,5.649080630904245,0.245116855841,0.191521549175,C6H14O3,18.7226,8000,400,400,0,328.2
36,302.621,81,189832-99-3,952.911923657,0.197191808292,15.385255098165837,1.36465871257,0.267300076389,C4H11NO,66.1356,32000,1600,1001,11987,303.2
37,330.546,66,189832-99-3,947.603643059,0.199928322978,16.542335175397806,0.95638611551,0.15749052272,C4H11NO,133.116,44000,2200,2200,0,308.2
38,343.689,126,189832-99-3,942.429885788,0.197458036465,15.70951761869255,0.73399108512,0.175286686903,C4H11NO,116.387,40000,2000,2000,0,313.2
39,401.906,283,189832-99-3,937.301348507,0.17979703919,15.162049245480755,1.34560856953,0.266230379963,C4H11NO,49.4817,28000,1400,995,8114,318.2
40,362.334,37,189832-99-3,932.590651485,0.190886754116,16.202415614472226,1.51827941197,0.42091258061,C4H11NO,41.8482,16000,800,759,838,323.2
41,424.923,18,9007-33-4,1068.50450353,0.197532915071,22.443790586328912,1.67680814546,0.718847446115,C2H7NO,28.2428,12000,600,600,0,303.2
42,219.395,58,704-76-7,817.407171949,0.183872174216,4.222698654719107,0.495589754341,0.0390610669132,C8H18O,54.7004,12000,600,600,0,298.2
43,204.876,26,704-76-7,808.31005186,0.199223503078,3.1094227735295528,0.173890712538,0.0568878537919,C8H18O,38.8771,8000,400,399,36,308.2
44,294.023,291,704-76-7,799.652033547,0.169036779746,3.229104004609181,0.290954128124,0.0600511211437,C8H18O,34.987,12000,600,515,1714,318.2
45,404.017,187,68989-27-5,812.451835119,0.186595463524,7.860193932730197,0.848987091958,0.127751329664,C4H10O,29.7042,12000,600,600,0,288.2
46,416.249,77,68989-27-5,807.536330965,0.183358568368,7.941629217161105,0.638463047089,0.122561350772,C4H10O,18.9911,8000,400,396,96,293.2
47,400.376,32,68989-27-5,802.325006828,0.19378862646,6.215244187972566,0.513551420627,0.171188404365,C4H10O,29.4373,12000,600,590,215,298.2
48,393.739,26,68989-27-5,797.277098426,0.197682897785,8.883519245767303,0.634531169202,0.200449966963,C4H10O,20.2622,8000,400,399,23,303.2
49,463.503,328,68989-27-5,792.452838465,0.184632604197,8.343340344477227,0.746605086166,0.244132113929,C4H10O,25.2943,12000,600,587,277,308.2
50,486.637,18,8013-70-5,800.911946382,0.190810036354,9.226185619179589,0.831976818665,0.137027942404,C3H8O,24.1432,12000,600,588,252,288.2
51,602.156,123,8013-70-5,796.410014208,0.17548995207,11.717462385231533,0.826648434176,0.170319322831,C3H8O,25.0599,16000,800,755,911,293.2
52,587.091,32,8013-70-5,791.275185809,0.179806239993,8.067340824971634,0.695339297789,0.157051388947,C3H8O,20.4159,12000,600,600,15,298.0
53,577.381,38,8013-70-5,791.179494945,0.181065485076,10.325978476338884,0.792625089754,0.160599215242,C3H8O,27.5018,16000,800,794,122,298.2
54,647.974,10,8013-70-5,789.0267257,0.173853199317,9.671669330065475,0.641448914623,0.178294938257,C3H8O,18.5208,12000,600,600,0,300.2
55,657.375,15,8013-70-5,785.88236097,0.167892606059,9.086895757504054,0.666973060932,0.314451470488,C3H8O,11.8456,8000,400,390,214,303.2
56,613.103,70,8013-70-5,780.554779272,0.186963862896,9.815333002009591,0.939579353609,0.208380821754,C3H8O,26.0984,16000,800,800,0,308.2
57,530.128,5,127-19-5,930.798387506,0.158144871798,25.658409298430744,1.63885419835,1.16963634288,C4H9NO,14.2701,8000,400,379,436,303.2
58,601.069,76,127-19-5,921.312741358,0.150184651883,25.293371294853383,1.4044903544,0.896362765464,C4H9NO,12.9369,8000,400,389,225,313.2
59,545.426,5,127-19-5,911.91059624,0.167405246215,21.421017471973137,1.12096738492,0.886920815424,C4H9NO,14.6656,8000,400,400,2,323.2
60,507.932,8,68-12-2,964.027039173,0.17882705519,23.439065702681038,1.54450174853,1.38356474508,C3H7NO,14.9449,8000,400,380,410,303.2
61,481.09,58,79-16-3,961.79824125,0.181740024902,53.546575070578925,6.65648415955,0.449947322661,C3H7NO,24.9454,12000,600,600,0,303.2
62,555.304,335,79-16-3,952.940332386,0.176337326386,53.023637295693014,5.80216733599,0.641017696175,C3H7NO,21.6116,12000,600,600,0,313.2
63,232.375,35,105-59-9,1062.86937573,0.168264310111,11.45118965677365,2.05263675053,0.292608372557,C5H13NO2,11.5632,28000,1400,135,25314,298.2
64,232.357,62,105-59-9,1058.54638679,0.19186956488,11.275416587044372,1.41071008056,0.206146959309,C5H13NO2,56.7703,40000,2000,660,26810,303.2
65,358.62,179,105-59-9,1048.68671508,0.15464621082,17.519496357425172,2.54790632108,0.280599001349,C5H13NO2,31.7356,20000,1000,569,8620,313.2
66,282.701,70,105-59-9,1040.74097129,0.194163264972,20.397859257819324,2.22608905856,0.283996087023,C5H13NO2,56.6005,16000,800,800,0,323.2
67,285.016,58,105-59-9,1036.24115614,0.188653923069,18.86915129223492,1.57534290738,0.349324956862,C5H13NO2,41.8889,12000,600,597,62,328.2
68,460.1,8,102256-29-1,1000.01769408,0.184470935577,5.009589713233412,0.230587605165,0.136685216466,C4H6O2,17.3658,8000,400,400,11,278.2
69,494.829,78,102256-29-1,996.810841653,0.178043090564,5.400482854836551,0.335634628292,0.221368988784,C4H6O2,16.147,8000,400,400,11,280.6
70,486.076,134,102256-29-1,994.014843631,0.186939569453,4.753162150560108,0.189489777287,0.167441643564,C4H6O2,16.4604,8000,400,400,0,283.2
71,802.936,186,102256-29-1,991.319677534,0.144438205002,4.929462161195816,0.217834436162,0.169545075098,C4H6O2,14.8443,12000,600,596,82,285.6
72,496.465,8,102256-29-1,988.617942877,0.188191041423,5.2412122855253,0.173236428391,0.158463590265,C4H6O2,16.1159,8000,400,400,0,288.2
73,547.199,44,102256-29-1,985.782236727,0.185437577775,4.967428271743469,0.280864332118,0.207756545509,C4H6O2,14.4737,8000,400,396,81,290.6
74,714.892,104,102256-29-1,982.971810095,0.162049670199,5.023443979613149,0.195747028986,0.127462572203,C4H6O2,16.6753,12000,600,596,80,293.2
75,658.625,32,102256-29-1,980.188701559,0.167000252356,5.181858646165165,0.18047541985,0.130447543215,C4H6O2,18.2061,12000,600,600,10,295.6
76,516.978,5,102256-29-1,977.16152993,0.191040872405,5.097405741975354,0.169214762222,0.11056259679,C4H6O2,15.4765,8000,400,400,0,298.2
77,600.989,76,102256-29-1,974.099668566,0.177275487055,4.67305518733723,0.196013858945,0.169419136605,C4H6O2,12.9287,8000,400,389,231,300.6
78,541.779,15,102256-29-1,971.756542583,0.191588111711,4.6078426763603595,0.249676789502,0.200176983714,C4H6O2,14.7071,8000,400,399,33,303.2
79,685.666,15,102256-29-1,968.640197653,0.168405489893,4.679434857101865,0.214959788198,0.172005459119,C4H6O2,11.5946,8000,400,398,51,305.6
80,556.559,15,102256-29-1,965.465073659,0.192594369721,4.504540992386856,0.196752701608,0.0831594058592,C4H6O2,14.2914,8000,400,398,47,308.2
81,527.161,14,102256-29-1,963.057017887,0.194042882267,5.102050216148828,0.219086776577,0.195511309222,C4H6O2,13.7472,8000,400,363,754,310.6
82,752.693,18,102256-29-1,959.957135997,0.167889977814,4.550807982061738,0.127919478556,0.0930504837239,C4H6O2,15.9441,12000,600,600,0,313.2
83,790.696,3,102256-29-1,957.226830411,0.163224255767,4.486095731511693,0.135149276621,0.158066443699,C4H6O2,15.1752,12000,600,600,2,315.6
84,579.905,15,102256-29-1,954.047148239,0.19081246649,4.27375802115387,0.151943222419,0.12224425411,C4H6O2,13.7954,8000,400,400,1,318.2
85,757.448,3,102256-29-1,951.481270358,0.17217391123,4.536602138508705,0.1219398625,0.105930005761,C4H6O2,15.1931,12000,600,576,493,320.6
86,625.694,45,102256-29-1,948.345167223,0.186463425636,4.547158238720522,0.215981818028,0.138159065072,C4H6O2,12.7874,8000,400,400,0,323.2
87,847.95,3,102256-29-1,945.532314173,0.163561427844,4.464053707627816,0.129667250421,0.119790619666,C4H6O2,14.1506,12000,600,600,2,325.6
88,822.147,104,102256-29-1,942.686617541,0.171955076208,4.507610245776682,0.131686828805,0.107951671238,C4H6O2,14.5971,12000,600,600,0,328.2
89,250.62,896,111-46-6,1148.25681726,0.194580300096,19.373556767358636,3.17836848152,0.119857918701,C4H10O3,141.222,68000,3400,1770,32608,293.2
90,267.205,21,111-46-6,1143.3170059,0.179119165294,13.436839112485641,1.81938975691,0.308443762778,C4H10O3,21.0924,48000,2400,282,42365,298.2
91,279.249,200,111-46-6,1138.35337744,0.186226706476,14.645993967953752,1.5234568727,0.221862664497,C4H10O3,46.7217,48000,2400,653,34954,303.2
92,265.088,60,502-42-1,924.468803877,0.185405836231,10.001291129311285,0.697867735443,0.662067779486,C7H12O,21.1628,8000,400,281,2391,298.2
93,351.196,18,11119-77-0,929.521062466,0.175093794645,9.441110099635063,0.598743888973,0.380035319415,C6H10O,33.4371,12000,600,588,258,288.2
94,338.842,32,11119-77-0,924.803920632,0.184612122769,9.808190515529429,0.637681916643,0.296725074846,C6H10O,35.4177,12000,600,600,0,293.2
95,437.578,93,11119-77-0,919.796982734,0.155203872104,9.72503615030981,0.657070698517,0.318653082754,C6H10O,23.5021,12000,600,515,1717,298.2
96,396.41,9,11119-77-0,915.626771242,0.170020139729,10.755795060588232,0.729586117991,0.528235250937,C6H10O,25.9126,12000,600,514,1729,303.2
97,392.805,10,11119-77-0,910.835940509,0.177766599255,9.610335140986956,0.445294634137,0.256894853163,C6H10O,36.3844,16000,800,715,1709,308.2
98,374.225,38,11119-77-0,906.029572724,0.185848866011,8.591123904978017,0.384332411056,0.249135207455,C6H10O,42.7523,16000,800,800,2,313.2
99,509.655,5,120-92-3,944.072537081,0.153058970511,9.796519788309132,0.436321765716,0.383723404196,C5H8O,15.6989,8000,400,400,0,273.2
100,294.031,2,120-92-3,939.000815906,0.199753079279,8.702366509764625,0.473868941299,0.603580140921,C5H8O,13.6074,4000,200,200,0,278.2
101,397.126,26,120-92-3,934.183199792,0.175996684619,9.688943644961094,0.539211575009,0.57768343379,C5H8O,20.0491,8000,400,399,39,283.2
102,519.043,8,120-92-3,929.269781468,0.158181746875,10.171389229369746,0.588191792095,0.39929593203,C5H8O,15.2569,8000,400,396,82,288.2
103,358.277,6,120-92-3,924.462581233,0.188688517391,8.857042262343779,0.570988208777,0.407317880179,C5H8O,11.1311,4000,200,200,13,293.2
104,527.87,45,120-92-3,919.320729409,0.164984539385,8.305646847266253,0.372728565449,0.301076602734,C5H8O,15.1571,8000,400,400,0,298.2
105,537.858,26,120-92-3,914.304777976,0.162717472607,9.609934396994577,0.473965502445,0.404316710192,C5H8O,14.8236,8000,400,399,28,303.2
106,445.166,134,120-92-3,909.272958842,0.179077704658,9.099447891897572,0.512295882537,0.39016798732,C5H8O,17.9731,8000,400,400,0,308.2
107,567.023,8,120-92-3,904.332319947,0.163677203171,8.487624704461634,0.396000451124,0.331121496229,C5H8O,14.1105,8000,400,400,0,313.2
108,242.918,28,142-96-1,771.742453927,0.171780908834,1.9089882969793726,0.0749699898948,0.0582234521517,C8H18O,15.5649,4000,200,189,220,288.2
109,236.766,6,142-96-1,766.555838941,0.177617940711,1.7236760704637153,0.0508509174995,0.0576466986839,C8H18O,12.6707,4000,200,150,1001,293.2
110,376.053,1,142-96-1,761.683017325,0.150723568424,1.8368466787729032,0.02828682718,0.0287393177916,C8H18O,21.1114,8000,400,397,62,298.2
111,274.368,6,142-96-1,756.931418912,0.169926630214,1.8607249472401108,0.0622451933128,0.0548819216273,C8H18O,13.8099,4000,200,190,212,303.2
112,461.704,8,142-96-1,751.939670665,0.140155098142,1.7995794132892322,0.0370317784094,0.0310176498757,C8H18O,17.2687,8000,400,399,28,308.2
113,189.762,28,61791-44-4,1121.1444528,0.184688784455,6.335194508295381,0.618986202713,0.551749762417,C4H11NO2,10.6186,88000,4400,101,85986,303.2
114,296.402,51,61791-44-4,1113.58960707,0.154245885829,8.616901029958996,1.58207452124,0.761873986234,C4H11NO2,5.06744,28000,1400,76,26499,308.2
115,235.094,103,61791-44-4,1110.6787356,0.195659283357,14.994756527376776,1.54558429538,0.217935377848,C4H11NO2,49.9886,12000,600,588,249,313.2
116,293.347,370,61791-44-4,1105.84721776,0.19756745135,17.182719973136244,0.726492592733,0.0960547422653,C4H11NO2,232.22,76000,3800,3406,7880,318.2
117,298.781,148,61791-44-4,1101.62771272,0.195532606516,16.900236602937714,1.03183120341,0.109427711504,C4H11NO2,174.044,52000,2600,2600,0,323.2
118,304.489,38,61791-44-4,1096.73019872,0.192539404735,17.087585332520575,0.872614561953,0.120330447716,C4H11NO2,197.055,60000,3000,3000,0,328.2
119,286.65,15,105-58-8,1012.72038135,0.195927979882,1.3315412117920205,0.0182388144272,0.0131619979556,C5H10O3,27.8597,8000,400,400,15,288.2
120,361.187,5,105-58-8,1003.22060391,0.180389603894,1.2838837844528446,0.0127710247766,0.00947179345968,C5H10O3,22.1381,8000,400,400,5,298.2
121,335.44,2,105-58-8,993.021622012,0.194263867456,1.2520926594111264,0.0110637880041,0.0074251943579,C5H10O3,21.1901,8000,400,356,893,308.2
122,545.109,30,105-58-8,982.510028112,0.155385183753,1.282947544788523,0.0117341204383,0.00989463941227,C5H10O3,19.5465,12000,600,533,1346,318.2
123,546.69,8,105-58-8,972.297607719,0.160261202748,1.291972828475782,0.0132574650615,0.00958554454517,C5H10O3,14.6354,8000,400,400,0,328.2
124,275.555,164,110-97-4,997.482910014,0.168490903726,8.493339724215307,0.772589131109,0.101399978115,C6H15NO2,37.2121,16000,800,513,5747,323.2
125,448.061,187,616-38-6,1130.05582663,0.194719812859,1.5199748730426061,0.0176182776875,0.0161428498727,C3H6O3,26.7843,12000,600,600,0,288.2
126,704.677,187,616-38-6,1119.06973067,0.158286996388,1.4809775051632013,0.0271095521711,0.0148684219869,C3H6O3,17.0305,12000,600,600,0,298.2
127,605.974,48,616-38-6,1107.65795638,0.171329116402,1.515554339401416,0.0235209819963,0.0224866742946,C3H6O3,14.5749,16000,800,442,7169,308.2
128,717.611,5,616-38-6,1096.36719038,0.16996732616,1.5064825541538411,0.0189623217538,0.014980201392,C3H6O3,16.7235,12000,600,600,0,318.2
129,580.169,1,616-38-6,1085.27991685,0.193679874621,1.5343872560949072,0.0189901383295,0.0163016037058,C3H6O3,20.6853,12000,600,600,0,328.2
130,906.861,58,121182-78-3,795.635633827,0.164383322334,13.45614898892998,0.932739721477,0.424247349624,C2H6O,13.163,12000,600,597,64,288.2
131,837.274,57,121182-78-3,790.026662486,0.17314908782,12.397001101492394,0.755396165839,0.346466038529,C2H6O,13.8234,12000,600,579,427,293.2
132,762.755,26,121182-78-3,784.590664726,0.181090711815,13.746216058189887,1.2372734679,0.491515227951,C2H6O,10.4896,8000,400,400,0,298.0
133,842.778,185,121182-78-3,784.771969171,0.175390744139,11.612962115823933,0.881244152448,0.324795446331,C2H6O,14.0654,12000,600,593,147,298.2
134,909.736,103,121182-78-3,779.253196035,0.171572727789,11.312292991525384,0.873401496742,0.399992421932,C2H6O,12.8993,12000,600,587,266,303.2
135,913.655,104,121182-78-3,773.844758624,0.178748415398,12.70297555556044,0.918299306023,0.463237292312,C2H6O,13.1352,12000,600,600,0,308.2
136,319.292,26,83855-85-0,911.625997718,0.193350446329,6.187325292540559,0.387828212553,0.222992230751,C5H12O2,25.0335,8000,400,400,8,293.2
137,338.831,26,83855-85-0,905.832848942,0.191500910235,6.4366006541155505,0.415816215085,0.250457467746,C5H12O2,23.6135,8000,400,400,0,298.2
138,570.461,18,83855-85-0,900.455143476,0.153319722057,6.743226115525152,0.321948193089,0.177085921593,C5H12O2,20.9269,12000,600,597,63,303.2
139,607.294,32,37221-95-7,1113.2038697,0.17817893915,27.60401926015228,1.6471460184,0.976141033602,C2H6O2,19.7614,12000,600,600,0,303.2
140,991.792,10,23296-41-5,1188.75548641,0.172852712763,56.9143183122211,3.14827897395,2.44047325521,CH3NO,12.0287,12000,600,597,71,303.2
141,343.734,145,8043-29-6,1253.15289567,0.192422457369,24.127918352200723,1.23340916254,0.297794657995,C3H8O3,145.682,52000,2600,2504,1925,303.2
142,1308.41,80,54841-71-3,792.891234563,0.181233374254,21.72832114894311,0.761214931105,0.535652434238,CH4O,15.1834,20000,1000,994,135,288.2
143,1160.79,18,54841-71-3,786.931883712,0.197789941939,21.49621021530294,0.810207044495,0.685746474952,CH4O,11.0692,16000,800,643,3152,293.2
144,1172.35,32,54841-71-3,780.974918129,0.195068462054,19.98860911772358,1.04721341518,0.911024443361,CH4O,10.2017,12000,600,598,41,298.0
145,1414.42,38,54841-71-3,780.458181007,0.179588939205,20.291796106831683,0.697341797518,0.70117810334,CH4O,11.24,16000,800,795,103,298.2
146,1426.03,128,54841-71-3,774.26705163,0.183168988758,19.169538932712083,1.03212146044,0.597824439224,CH4O,11.1912,16000,800,798,42,303.2
147,1627.27,127,54841-71-3,767.972638312,0.175052313418,17.923036488661168,0.883177915348,0.537755488813,CH4O,9.65111,16000,800,786,296,308.2
148,616.323,10,164071-41-4,1097.50775404,0.185041312443,63.93603364783872,4.817399743,2.76861373341,C2H6OS,19.063,12000,600,588,252,293.2
149,556.861,8,164071-41-4,1085.85532747,0.198712038382,49.0217641211215,3.57752731886,2.49770174523,C2H6OS,14.368,8000,400,400,0,303.2
150,852.074,32,164071-41-4,1075.29137595,0.164283227187,49.372420513777456,2.79729800732,2.0130243962,C2H6OS,13.7019,12000,600,584,326,313.2
151,644.17,5,164071-41-4,1064.17568937,0.196746892004,44.78856108739183,2.31566903843,1.61758964866,C2H6OS,12.4206,8000,400,400,0,323.2
152,313.069,175,100-61-8,1012.61818743,0.183662075456,2.5957313034415743,0.217315593654,0.0136280798227,C7H9N,77.5675,56000,2800,1215,31717,300.2
153,359.602,61,126492-54-4,924.130084122,0.156659766949,3.4069367404407345,0.147814468992,0.0781226030422,C7H12O2,35.6172,16000,800,641,3193,278.2
154,329.095,182,126492-54-4,921.812016663,0.168713599355,3.8253685780726108,0.321646826115,0.0640865033794,C7H12O2,35.2452,12000,600,580,402,280.6
155,343.371,17,126492-54-4,919.084514306,0.166124179654,3.8675234743251012,0.332214142856,0.0844132857548,C7H12O2,31.2781,12000,600,537,1261,283.2
156,289.58,45,126492-54-4,916.64020674,0.17995283323,3.229180145878894,0.178046315554,0.0678040360661,C7H12O2,27.6297,8000,400,400,0,285.6
157,295.538,58,126492-54-4,914.057493604,0.181216575615,3.89126018635955,0.266302599523,0.054073780045,C7H12O2,40.6073,12000,600,600,0,288.2
158,416.788,58,126492-54-4,911.402987044,0.154575184747,3.589021258641707,0.181849281277,0.0951220805585,C7H12O2,28.7772,12000,600,600,7,290.6
159,363.564,25,126492-54-4,909.027100494,0.160369923484,3.3814675306375728,0.152310959082,0.103622419424,C7H12O2,21.4185,8000,400,390,214,293.2
160,371.403,20,126492-54-4,906.473905393,0.166303729036,3.5421491844158033,0.151354557812,0.0630528434697,C7H12O2,41.4617,16000,800,770,602,295.6
161,285.084,43,126492-54-4,903.928764085,0.189336937603,3.18613505322099,0.201050291577,0.0958318724595,C7H12O2,25.9993,8000,400,371,589,298.2
162,306.774,43,126492-54-4,901.082405292,0.189885460469,3.1096745696100228,0.177331345268,0.0704585104468,C7H12O2,24.8685,8000,400,382,372,300.6
163,382.865,17,126492-54-4,898.705863504,0.169778257796,3.268813400714057,0.14746585293,0.0767682788402,C7H12O2,28.8849,12000,600,553,942,303.2
164,381.614,85,126492-54-4,896.52106677,0.168674580957,3.3840913985902086,0.165185853599,0.103098908089,C7H12O2,23.791,12000,600,454,2922,305.6
165,405.299,45,126492-54-4,893.838557274,0.16918269577,3.171593099628346,0.15274545273,0.0592628140378,C7H12O2,19.7361,8000,400,400,2,308.2
166,425.313,77,126492-54-4,891.196262949,0.163671766348,3.4047389997321647,0.223668392631,0.094022863506,C7H12O2,18.4758,8000,400,393,143,310.6
167,386.898,26,126492-54-4,888.558456358,0.175736525213,2.9485119049042847,0.116310588643,0.081434912359,C7H12O2,20.6798,8000,400,400,0,313.2
168,433.522,26,126492-54-4,886.295136828,0.163861666747,2.9522801840459425,0.12586204075,0.0740481113553,C7H12O2,18.4097,8000,400,399,20,315.6
169,376.432,58,126492-54-4,883.555631793,0.18629522411,2.959784863433462,0.138769012549,0.0578951888865,C7H12O2,31.8172,12000,600,599,24,318.2
170,536.706,8,126492-54-4,881.125297388,0.14786785688,3.071050630339482,0.130819189816,0.108339822673,C7H12O2,14.412,8000,400,387,266,320.6
171,356.588,15,126492-54-4,878.329470709,0.186576599173,3.169416502797349,0.115996701864,0.0757503134076,C7H12O2,22.418,8000,400,400,7,323.2
172,366.979,5,126492-54-4,875.944277408,0.184532742311,3.174391869026289,0.100273526412,0.0643967318369,C7H12O2,21.7697,8000,400,400,12,325.6
173,500.252,5,126492-54-4,873.334268743,0.156996441759,3.119250923414664,0.128361992776,0.0807516245517,C7H12O2,15.9839,8000,400,400,5,328.2
174,382.794,15,142-82-5,671.953008951,0.158968137587,1.002781027782337,0.000124768897352,0.000107256365061,C7H16,20.9016,8000,400,400,0,288.2
175,422.505,8,142-82-5,662.706028318,0.15481964734,1.002536689197026,9.25521647319e-05,8.46181963833e-05,C7H16,18.724,8000,400,396,90,298.2
176,405.928,134,142-82-5,652.772746896,0.168626167506,1.0027081647657115,0.000194948242824,0.000117580286169,C7H16,19.7104,8000,400,400,0,308.2
177,174.327,17,111-84-2,708.711091685,0.195296469898,1.0031228101194718,0.000214603019646,0.000198657709443,C9H20,21.9931,4000,200,192,167,288.2
178,342.924,8,111-84-2,699.675885417,0.147975932787,1.0030927541065056,0.000130204334336,0.000126892864127,C9H20,23.3317,8000,400,400,0,298.2
179,187.431,1,111-84-2,691.089328304,0.196463979614,1.0029833468239093,0.000176938638412,8.7817917426e-05,C9H20,21.3465,4000,200,200,0,308.2
180,424.056,8,111-84-2,681.645047054,0.1406410356,1.0027036643057725,0.000136411780879,8.92405086776e-05,C9H20,18.1038,8000,400,384,324,318.2
181,273.741,5,111-84-2,672.805918961,0.187685835693,1.0028765853101846,0.000109813314854,0.000117293119269,C9H20,28.8704,8000,400,396,98,328.2
182,240.575,4,31372-91-5,692.485149106,0.183957128277,1.0031338989277254,0.00015842449388,0.000162036081333,C8H18,16.631,4000,200,200,0,288.2
183,410.209,5,31372-91-5,687.727466425,0.142807234333,1.002707073887548,0.000106198745842,8.85087773111e-05,C8H18,19.5047,8000,400,400,0,293.2
184,348.628,26,31372-91-5,683.287527144,0.153397804299,1.002809845826872,0.000107814262984,0.000109443178762,C8H18,22.7435,8000,400,397,72,298.2
185,346.286,15,31372-91-5,678.797327665,0.153293588035,1.002891906533461,9.46070475398e-05,9.98039133346e-05,C8H18,23.0878,8000,400,400,6,303.2
186,253.679,6,31372-91-5,674.245217956,0.189723719495,1.002780286273825,0.000157284011679,0.000146387643375,C8H18,15.1412,4000,200,192,160,308.2
187,705.113,187,71-23-8,802.429907389,0.157647068932,8.776752972439656,0.678105074793,0.287133352671,C3H8O,17.02,12000,600,600,0,288.2
188,730.125,104,71-23-8,797.313393867,0.157375264554,9.852764163040252,0.638814981658,0.196478469675,C3H8O,16.3287,12000,600,597,79,293.2
189,566.676,78,71-23-8,792.761385154,0.182993792552,10.750947004831183,1.06109350291,0.281548257452,C3H8O,14.1174,8000,400,400,1,298.0
190,705.886,173,71-23-8,792.361310076,0.161622284679,9.415857920065571,0.682854549855,0.230241418104,C3H8O,15.4572,12000,600,546,1090,298.2
191,734.217,18,71-23-8,790.116042965,0.162600688598,10.242718161450718,0.671049930731,0.219898740347,C3H8O,16.3453,12000,600,600,0,300.2
192,743.251,18,71-23-8,787.275774151,0.166093210122,8.980606104370693,0.665406734725,0.234906432874,C3H8O,16.1466,12000,600,600,0,303.2
193,646.79,17,71-23-8,781.958775873,0.174969545672,10.349892038738577,0.74721367956,0.32535129483,C3H8O,17.423,12000,600,564,732,308.2
194,318.075,26,140-88-5,963.694330854,0.199311341758,3.902849625987929,0.208113561142,0.156757190466,C5H8O2,25.1544,8000,400,400,0,278.2
195,457.544,4,140-88-5,961.442308608,0.166408973625,4.566036721632097,0.234300762908,0.211914949732,C5H8O2,15.5723,8000,400,357,876,280.6
196,358.542,104,140-88-5,958.601477759,0.194778454701,4.519307024036604,0.214196178942,0.128480902481,C5H8O2,33.4717,12000,600,600,0,283.2
197,422.241,15,140-88-5,955.92740439,0.174817489243,4.48140585929527,0.261320532435,0.153739380931,C5H8O2,18.5818,8000,400,393,155,285.6
198,392.551,45,140-88-5,953.023071742,0.184407411866,5.02399903786365,0.22526650228,0.22380171215,C5H8O2,20.3413,8000,400,400,16,288.2
199,409.336,26,140-88-5,950.716298097,0.189702524301,4.499398913643754,0.261090701819,0.136626160991,C5H8O2,19.5316,8000,400,400,6,290.6
200,573.011,3,140-88-5,947.199650622,0.160689338871,4.190714154708892,0.146488382895,0.10278936109,C5H8O2,20.9437,12000,600,600,0,293.2
201,395.974,8,140-88-5,945.015538229,0.19966210962,4.570937140320587,0.21650838745,0.120149260674,C5H8O2,20.1629,8000,400,400,17,295.6
202,469.566,30,140-88-5,942.265044764,0.180376677685,4.481476324201589,0.244931318818,0.149668674789,C5H8O2,22.0118,12000,600,517,1665,298.2
203,384.126,45,140-88-5,939.313293582,0.198139869725,4.45322131758463,0.224037248923,0.238873169161,C5H8O2,20.8291,8000,400,400,0,300.6
204,417.465,44,140-88-5,936.453526921,0.192274392264,4.060436544289668,0.161743048473,0.130818218136,C5H8O2,18.8423,8000,400,394,135,303.2
205,460.154,45,140-88-5,934.026770026,0.182698049754,4.390393397977821,0.186443207159,0.160168985802,C5H8O2,17.3703,8000,400,400,8,305.6
206,511.319,8,140-88-5,931.125688251,0.179784746558,4.318373647620673,0.182012328455,0.111243485693,C5H8O2,15.5754,8000,400,399,37,308.2
207,512.927,335,140-88-5,928.186450637,0.179581106223,4.162359687545701,0.212896232077,0.117571920885,C5H8O2,23.3971,12000,600,600,0,310.6
208,457.786,78,140-88-5,925.26609844,0.194004735423,4.354745754404604,0.243536130722,0.185706105029,C5H8O2,17.4732,8000,400,400,2,313.2
209,518.837,26,140-88-5,922.700564087,0.178486545654,4.3285479326369565,0.201193047349,0.175185650963,C5H8O2,15.4037,8000,400,400,9,315.6
210,497.507,15,140-88-5,919.699366311,0.183017767003,4.160734142877027,0.171236473386,0.166442875363,C5H8O2,15.7767,8000,400,393,152,318.2
211,631.131,187,140-88-5,917.346551374,0.170063504084,4.093369338093574,0.168929710267,0.0995504682918,C5H8O2,19.0151,12000,600,600,0,320.6
212,473.202,26,140-88-5,913.82919376,0.194202190461,4.093268712801537,0.164476945956,0.157799556965,C5H8O2,16.8871,8000,400,400,10,323.2
213,692.05,32,140-88-5,911.369502786,0.162609950169,4.240275423346905,0.154348287058,0.123053633742,C5H8O2,17.3398,12000,600,600,1,325.6
214,677.995,16,140-88-5,908.322292608,0.164905898065,3.8508964088021904,0.135903373388,0.136697563156,C5H8O2,14.3688,12000,600,488,2259,328.2
215,301.26,267,126-33-0,1293.67795172,0.195677393736,17.340166909431954,1.53814193896,0.13681787598,C4H8O2S,144.29,44000,2200,2174,532,293.2
216,327.235,82,126-33-0,1288.57038289,0.192401854296,18.837015188331073,1.56633901414,0.181504825142,C4H8O2S,62.7225,56000,2800,1027,35476,298.2
217,384.234,56,126-33-0,1282.88928151,0.172568010886,16.92203387230762,1.18080630242,0.311078316754,C4H8O2S,29.7527,12000,600,572,569,303.2
218,496.747,303,126-33-0,1278.64777858,0.15954781313,16.106501278968167,1.14550268381,0.241793722674,C4H8O2S,43.5272,24000,1200,1082,2379,308.2
219,360.299,321,126-33-0,1274.45045399,0.194735136294,17.893336576883556,0.853566249139,0.189640137329,C4H8O2S,155.401,56000,2800,2800,10,313.2
220,365.393,23,126-33-0,1269.85545526,0.193830546944,16.86505756345667,1.09566778079,0.334977784157,C4H8O2S,54.7356,20000,1000,1000,1,318.2
221,397.877,368,126-33-0,1264.69925673,0.188827260211,16.133362932853522,1.02319315861,0.271770219392,C4H8O2S,68.7448,28000,1400,1368,649,323.2
222,392.9,36,126-33-0,1260.54493281,0.19039571969,15.433440416583686,0.814881712575,0.398993038419,C4H8O2S,36.5895,52000,2600,719,37625,328.2
223,162.747,14,126068-67-5,1146.94123934,0.164933996348,4.2889605217087565,0.415380449253,0.0523974576223,C6H15NO3,7.77892,4000,200,64,2735,308.2
224,174.785,83,126068-67-5,1140.18366069,0.178979956666,10.554929261949914,1.91276517366,0.220895527406,C6H15NO3,25.4084,8000,400,222,3560,318.2
225,184.091,151,126068-67-5,1136.82222427,0.191492640482,24.266773650359305,4.62748427014,0.131822000691,C6H15NO3,108.62,20000,1000,1000,5,323.2
226,198.989,15,118662-30-9,1149.28321583,0.162723006628,4.174673680250715,0.389748680389,0.262140048778,C6H14O4,7.41749,28000,1400,74,26525,303.2
227,2016.52,23,14314-42-2,1004.67499089,0.186267554426,112.561784649527,3.83549601656,3.39994221013,H2O,9.91164,20000,1000,1000,14,275.2
228,1907.14,227,14314-42-2,1002.8949539,0.191655858495,114.81318319407437,6.53136685888,4.49956030579,H2O,7.9564,16000,800,759,827,277.2
229,1945.94,6,14314-42-2,1001.2528713,0.186665451366,106.51483849679204,4.7644628269,2.72843635919,H2O,8.21555,16000,800,800,14,279.2
230,1861.27,69,14314-42-2,999.436035688,0.193471309839,105.67217536338025,4.40570440255,3.21215869558,H2O,8.50385,16000,800,792,173,281.2
231,2041.84,6,14314-42-2,998.226500515,0.183294220737,111.05775253274386,4.36105708587,3.98805433116,H2O,7.66565,16000,800,783,349,283.2
232,1990.93,3,14314-42-2,989.770795707,0.194695481476,101.69238138587725,3.22028363502,3.14360634206,H2O,8.03693,16000,800,800,0,293.2
233,2443.7,43,14314-42-2,981.008726771,0.179048974487,95.77001282986346,3.52085011311,3.12565480854,H2O,8.18472,20000,1000,1000,0,303.2
234,2196.27,3,14314-42-2,978.919952606,0.187712129907,91.17879127125556,2.94862690294,2.54600147944,H2O,7.14349,16000,800,785,312,305.2
235,2132.9,70,14314-42-2,971.972402918,0.19204603313,89.3983199337266,4.41001855783,3.31224939172,H2O,7.50199,16000,800,800,0,313.2
236,2185.75,284,14314-42-2,969.836131595,0.192056922124,87.97569730779031,4.58761225268,2.86342275307,H2O,9.14742,20000,1000,1000,7,315.2
237,2558.11,43,14314-42-2,961.928082095,0.180244364876,84.88578828799405,2.44978018211,2.24155054079,H2O,7.81865,20000,1000,1000,0,323.2
